--
-- PostgreSQL database dump
--

\restrict OxRgu4PUFzGoEIorxXJhCfG88qm0KQR20G2QpAUJ02BK7VeJRfjgJmUV9k0wGBN

-- Dumped from database version 18.4 (Ubuntu 18.4-0ubuntu0.26.04.1)
-- Dumped by pg_dump version 18.4 (Ubuntu 18.4-0ubuntu0.26.04.1)

SET statement_timeout = 0;
SET lock_timeout = 0;
SET idle_in_transaction_session_timeout = 0;
SET transaction_timeout = 0;
SET client_encoding = 'UTF8';
SET standard_conforming_strings = on;
SELECT pg_catalog.set_config('search_path', '', false);
SET check_function_bodies = false;
SET xmloption = content;
SET client_min_messages = warning;
SET row_security = off;

SET default_tablespace = '';

SET default_table_access_method = heap;

--
-- Name: auth_group; Type: TABLE; Schema: public; Owner: postgres
--

CREATE TABLE public.auth_group (
    id integer NOT NULL,
    name character varying(150) NOT NULL
);


ALTER TABLE public.auth_group OWNER TO postgres;

--
-- Name: auth_group_id_seq; Type: SEQUENCE; Schema: public; Owner: postgres
--

ALTER TABLE public.auth_group ALTER COLUMN id ADD GENERATED BY DEFAULT AS IDENTITY (
    SEQUENCE NAME public.auth_group_id_seq
    START WITH 1
    INCREMENT BY 1
    NO MINVALUE
    NO MAXVALUE
    CACHE 1
);


--
-- Name: auth_group_permissions; Type: TABLE; Schema: public; Owner: postgres
--

CREATE TABLE public.auth_group_permissions (
    id bigint NOT NULL,
    group_id integer NOT NULL,
    permission_id integer NOT NULL
);


ALTER TABLE public.auth_group_permissions OWNER TO postgres;

--
-- Name: auth_group_permissions_id_seq; Type: SEQUENCE; Schema: public; Owner: postgres
--

ALTER TABLE public.auth_group_permissions ALTER COLUMN id ADD GENERATED BY DEFAULT AS IDENTITY (
    SEQUENCE NAME public.auth_group_permissions_id_seq
    START WITH 1
    INCREMENT BY 1
    NO MINVALUE
    NO MAXVALUE
    CACHE 1
);


--
-- Name: auth_permission; Type: TABLE; Schema: public; Owner: postgres
--

CREATE TABLE public.auth_permission (
    id integer NOT NULL,
    name character varying(255) NOT NULL,
    content_type_id integer NOT NULL,
    codename character varying(100) NOT NULL
);


ALTER TABLE public.auth_permission OWNER TO postgres;

--
-- Name: auth_permission_id_seq; Type: SEQUENCE; Schema: public; Owner: postgres
--

ALTER TABLE public.auth_permission ALTER COLUMN id ADD GENERATED BY DEFAULT AS IDENTITY (
    SEQUENCE NAME public.auth_permission_id_seq
    START WITH 1
    INCREMENT BY 1
    NO MINVALUE
    NO MAXVALUE
    CACHE 1
);


--
-- Name: auth_user; Type: TABLE; Schema: public; Owner: postgres
--

CREATE TABLE public.auth_user (
    id integer NOT NULL,
    password character varying(128) NOT NULL,
    last_login timestamp with time zone,
    is_superuser boolean NOT NULL,
    username character varying(150) NOT NULL,
    first_name character varying(150) NOT NULL,
    last_name character varying(150) NOT NULL,
    email character varying(254) NOT NULL,
    is_staff boolean NOT NULL,
    is_active boolean NOT NULL,
    date_joined timestamp with time zone NOT NULL
);


ALTER TABLE public.auth_user OWNER TO postgres;

--
-- Name: auth_user_groups; Type: TABLE; Schema: public; Owner: postgres
--

CREATE TABLE public.auth_user_groups (
    id bigint NOT NULL,
    user_id integer NOT NULL,
    group_id integer NOT NULL
);


ALTER TABLE public.auth_user_groups OWNER TO postgres;

--
-- Name: auth_user_groups_id_seq; Type: SEQUENCE; Schema: public; Owner: postgres
--

ALTER TABLE public.auth_user_groups ALTER COLUMN id ADD GENERATED BY DEFAULT AS IDENTITY (
    SEQUENCE NAME public.auth_user_groups_id_seq
    START WITH 1
    INCREMENT BY 1
    NO MINVALUE
    NO MAXVALUE
    CACHE 1
);


--
-- Name: auth_user_id_seq; Type: SEQUENCE; Schema: public; Owner: postgres
--

ALTER TABLE public.auth_user ALTER COLUMN id ADD GENERATED BY DEFAULT AS IDENTITY (
    SEQUENCE NAME public.auth_user_id_seq
    START WITH 1
    INCREMENT BY 1
    NO MINVALUE
    NO MAXVALUE
    CACHE 1
);


--
-- Name: auth_user_user_permissions; Type: TABLE; Schema: public; Owner: postgres
--

CREATE TABLE public.auth_user_user_permissions (
    id bigint NOT NULL,
    user_id integer NOT NULL,
    permission_id integer NOT NULL
);


ALTER TABLE public.auth_user_user_permissions OWNER TO postgres;

--
-- Name: auth_user_user_permissions_id_seq; Type: SEQUENCE; Schema: public; Owner: postgres
--

ALTER TABLE public.auth_user_user_permissions ALTER COLUMN id ADD GENERATED BY DEFAULT AS IDENTITY (
    SEQUENCE NAME public.auth_user_user_permissions_id_seq
    START WITH 1
    INCREMENT BY 1
    NO MINVALUE
    NO MAXVALUE
    CACHE 1
);


--
-- Name: django_admin_log; Type: TABLE; Schema: public; Owner: postgres
--

CREATE TABLE public.django_admin_log (
    id integer NOT NULL,
    action_time timestamp with time zone NOT NULL,
    object_id text,
    object_repr character varying(200) NOT NULL,
    action_flag smallint NOT NULL,
    change_message text NOT NULL,
    content_type_id integer,
    user_id integer NOT NULL,
    CONSTRAINT django_admin_log_action_flag_check CHECK ((action_flag >= 0))
);


ALTER TABLE public.django_admin_log OWNER TO postgres;

--
-- Name: django_admin_log_id_seq; Type: SEQUENCE; Schema: public; Owner: postgres
--

ALTER TABLE public.django_admin_log ALTER COLUMN id ADD GENERATED BY DEFAULT AS IDENTITY (
    SEQUENCE NAME public.django_admin_log_id_seq
    START WITH 1
    INCREMENT BY 1
    NO MINVALUE
    NO MAXVALUE
    CACHE 1
);


--
-- Name: django_content_type; Type: TABLE; Schema: public; Owner: postgres
--

CREATE TABLE public.django_content_type (
    id integer NOT NULL,
    app_label character varying(100) NOT NULL,
    model character varying(100) NOT NULL
);


ALTER TABLE public.django_content_type OWNER TO postgres;

--
-- Name: django_content_type_id_seq; Type: SEQUENCE; Schema: public; Owner: postgres
--

ALTER TABLE public.django_content_type ALTER COLUMN id ADD GENERATED BY DEFAULT AS IDENTITY (
    SEQUENCE NAME public.django_content_type_id_seq
    START WITH 1
    INCREMENT BY 1
    NO MINVALUE
    NO MAXVALUE
    CACHE 1
);


--
-- Name: django_migrations; Type: TABLE; Schema: public; Owner: postgres
--

CREATE TABLE public.django_migrations (
    id bigint NOT NULL,
    app character varying(255) NOT NULL,
    name character varying(255) NOT NULL,
    applied timestamp with time zone NOT NULL
);


ALTER TABLE public.django_migrations OWNER TO postgres;

--
-- Name: django_migrations_id_seq; Type: SEQUENCE; Schema: public; Owner: postgres
--

ALTER TABLE public.django_migrations ALTER COLUMN id ADD GENERATED BY DEFAULT AS IDENTITY (
    SEQUENCE NAME public.django_migrations_id_seq
    START WITH 1
    INCREMENT BY 1
    NO MINVALUE
    NO MAXVALUE
    CACHE 1
);


--
-- Name: django_session; Type: TABLE; Schema: public; Owner: postgres
--

CREATE TABLE public.django_session (
    session_key character varying(40) NOT NULL,
    session_data text NOT NULL,
    expire_date timestamp with time zone NOT NULL
);


ALTER TABLE public.django_session OWNER TO postgres;

--
-- Name: item_list_category; Type: TABLE; Schema: public; Owner: postgres
--

CREATE TABLE public.item_list_category (
    id bigint NOT NULL,
    name character varying(100) NOT NULL
);


ALTER TABLE public.item_list_category OWNER TO postgres;

--
-- Name: item_list_category_id_seq; Type: SEQUENCE; Schema: public; Owner: postgres
--

ALTER TABLE public.item_list_category ALTER COLUMN id ADD GENERATED BY DEFAULT AS IDENTITY (
    SEQUENCE NAME public.item_list_category_id_seq
    START WITH 1
    INCREMENT BY 1
    NO MINVALUE
    NO MAXVALUE
    CACHE 1
);


--
-- Name: item_list_item; Type: TABLE; Schema: public; Owner: postgres
--

CREATE TABLE public.item_list_item (
    id bigint NOT NULL,
    name character varying(100) NOT NULL,
    category_id bigint CONSTRAINT item_list_item_category_not_null NOT NULL,
    type_id bigint CONSTRAINT item_list_item_type_not_null NOT NULL,
    subtype_id bigint,
    es_fabricable boolean NOT NULL
);


ALTER TABLE public.item_list_item OWNER TO postgres;

--
-- Name: item_list_item_id_seq; Type: SEQUENCE; Schema: public; Owner: postgres
--

ALTER TABLE public.item_list_item ALTER COLUMN id ADD GENERATED BY DEFAULT AS IDENTITY (
    SEQUENCE NAME public.item_list_item_id_seq
    START WITH 1
    INCREMENT BY 1
    NO MINVALUE
    NO MAXVALUE
    CACHE 1
);


--
-- Name: item_list_subtype; Type: TABLE; Schema: public; Owner: postgres
--

CREATE TABLE public.item_list_subtype (
    id bigint NOT NULL,
    name character varying(100) NOT NULL
);


ALTER TABLE public.item_list_subtype OWNER TO postgres;

--
-- Name: item_list_subtype_id_seq; Type: SEQUENCE; Schema: public; Owner: postgres
--

ALTER TABLE public.item_list_subtype ALTER COLUMN id ADD GENERATED BY DEFAULT AS IDENTITY (
    SEQUENCE NAME public.item_list_subtype_id_seq
    START WITH 1
    INCREMENT BY 1
    NO MINVALUE
    NO MAXVALUE
    CACHE 1
);


--
-- Name: item_list_type; Type: TABLE; Schema: public; Owner: postgres
--

CREATE TABLE public.item_list_type (
    id bigint NOT NULL,
    name character varying(100) NOT NULL
);


ALTER TABLE public.item_list_type OWNER TO postgres;

--
-- Name: item_list_type_id_seq; Type: SEQUENCE; Schema: public; Owner: postgres
--

ALTER TABLE public.item_list_type ALTER COLUMN id ADD GENERATED BY DEFAULT AS IDENTITY (
    SEQUENCE NAME public.item_list_type_id_seq
    START WITH 1
    INCREMENT BY 1
    NO MINVALUE
    NO MAXVALUE
    CACHE 1
);


--
-- Name: recipe_list_ingredient; Type: TABLE; Schema: public; Owner: postgres
--

CREATE TABLE public.recipe_list_ingredient (
    id bigint NOT NULL,
    quantity integer NOT NULL,
    item_id bigint NOT NULL,
    recipe_id bigint NOT NULL
);


ALTER TABLE public.recipe_list_ingredient OWNER TO postgres;

--
-- Name: recipe_list_ingredient_id_seq; Type: SEQUENCE; Schema: public; Owner: postgres
--

ALTER TABLE public.recipe_list_ingredient ALTER COLUMN id ADD GENERATED BY DEFAULT AS IDENTITY (
    SEQUENCE NAME public.recipe_list_ingredient_id_seq
    START WITH 1
    INCREMENT BY 1
    NO MINVALUE
    NO MAXVALUE
    CACHE 1
);


--
-- Name: recipe_list_recipe; Type: TABLE; Schema: public; Owner: postgres
--

CREATE TABLE public.recipe_list_recipe (
    id bigint NOT NULL,
    recipe_name character varying(100) NOT NULL,
    produced_item_id bigint NOT NULL
);


ALTER TABLE public.recipe_list_recipe OWNER TO postgres;

--
-- Name: recipe_list_recipe_id_seq; Type: SEQUENCE; Schema: public; Owner: postgres
--

ALTER TABLE public.recipe_list_recipe ALTER COLUMN id ADD GENERATED BY DEFAULT AS IDENTITY (
    SEQUENCE NAME public.recipe_list_recipe_id_seq
    START WITH 1
    INCREMENT BY 1
    NO MINVALUE
    NO MAXVALUE
    CACHE 1
);


--
-- Data for Name: auth_group; Type: TABLE DATA; Schema: public; Owner: postgres
--

COPY public.auth_group (id, name) FROM stdin;
\.


--
-- Data for Name: auth_group_permissions; Type: TABLE DATA; Schema: public; Owner: postgres
--

COPY public.auth_group_permissions (id, group_id, permission_id) FROM stdin;
\.


--
-- Data for Name: auth_permission; Type: TABLE DATA; Schema: public; Owner: postgres
--

COPY public.auth_permission (id, name, content_type_id, codename) FROM stdin;
1	Can add log entry	1	add_logentry
2	Can change log entry	1	change_logentry
3	Can delete log entry	1	delete_logentry
4	Can view log entry	1	view_logentry
5	Can add permission	2	add_permission
6	Can change permission	2	change_permission
7	Can delete permission	2	delete_permission
8	Can view permission	2	view_permission
9	Can add group	3	add_group
10	Can change group	3	change_group
11	Can delete group	3	delete_group
12	Can view group	3	view_group
13	Can add user	4	add_user
14	Can change user	4	change_user
15	Can delete user	4	delete_user
16	Can view user	4	view_user
17	Can add content type	5	add_contenttype
18	Can change content type	5	change_contenttype
19	Can delete content type	5	delete_contenttype
20	Can view content type	5	view_contenttype
21	Can add session	6	add_session
22	Can change session	6	change_session
23	Can delete session	6	delete_session
24	Can view session	6	view_session
25	Can add item	7	add_item
26	Can change item	7	change_item
27	Can delete item	7	delete_item
28	Can view item	7	view_item
29	Can add category	8	add_category
30	Can change category	8	change_category
31	Can delete category	8	delete_category
32	Can view category	8	view_category
33	Can add subtype	9	add_subtype
34	Can change subtype	9	change_subtype
35	Can delete subtype	9	delete_subtype
36	Can view subtype	9	view_subtype
37	Can add type	10	add_type
38	Can change type	10	change_type
39	Can delete type	10	delete_type
40	Can view type	10	view_type
41	Can add recipe	11	add_recipe
42	Can change recipe	11	change_recipe
43	Can delete recipe	11	delete_recipe
44	Can view recipe	11	view_recipe
45	Can add ingredient	12	add_ingredient
46	Can change ingredient	12	change_ingredient
47	Can delete ingredient	12	delete_ingredient
48	Can view ingredient	12	view_ingredient
\.


--
-- Data for Name: auth_user; Type: TABLE DATA; Schema: public; Owner: postgres
--

COPY public.auth_user (id, password, last_login, is_superuser, username, first_name, last_name, email, is_staff, is_active, date_joined) FROM stdin;
\.


--
-- Data for Name: auth_user_groups; Type: TABLE DATA; Schema: public; Owner: postgres
--

COPY public.auth_user_groups (id, user_id, group_id) FROM stdin;
\.


--
-- Data for Name: auth_user_user_permissions; Type: TABLE DATA; Schema: public; Owner: postgres
--

COPY public.auth_user_user_permissions (id, user_id, permission_id) FROM stdin;
\.


--
-- Data for Name: django_admin_log; Type: TABLE DATA; Schema: public; Owner: postgres
--

COPY public.django_admin_log (id, action_time, object_id, object_repr, action_flag, change_message, content_type_id, user_id) FROM stdin;
\.


--
-- Data for Name: django_content_type; Type: TABLE DATA; Schema: public; Owner: postgres
--

COPY public.django_content_type (id, app_label, model) FROM stdin;
1	admin	logentry
2	auth	permission
3	auth	group
4	auth	user
5	contenttypes	contenttype
6	sessions	session
7	item_list	item
8	item_list	category
9	item_list	subtype
10	item_list	type
11	recipe_list	recipe
12	recipe_list	ingredient
\.


--
-- Data for Name: django_migrations; Type: TABLE DATA; Schema: public; Owner: postgres
--

COPY public.django_migrations (id, app, name, applied) FROM stdin;
1	contenttypes	0001_initial	2026-05-25 12:15:52.877677-04
2	auth	0001_initial	2026-05-25 12:15:52.90335-04
3	admin	0001_initial	2026-05-25 12:15:52.912124-04
4	admin	0002_logentry_remove_auto_add	2026-05-25 12:15:52.916726-04
5	admin	0003_logentry_add_action_flag_choices	2026-05-25 12:15:52.92036-04
6	contenttypes	0002_remove_content_type_name	2026-05-25 12:15:52.926895-04
7	auth	0002_alter_permission_name_max_length	2026-05-25 12:15:52.932181-04
8	auth	0003_alter_user_email_max_length	2026-05-25 12:15:52.936668-04
9	auth	0004_alter_user_username_opts	2026-05-25 12:15:52.940549-04
10	auth	0005_alter_user_last_login_null	2026-05-25 12:15:52.945011-04
11	auth	0006_require_contenttypes_0002	2026-05-25 12:15:52.946584-04
12	auth	0007_alter_validators_add_error_messages	2026-05-25 12:15:52.953984-04
13	auth	0008_alter_user_username_max_length	2026-05-25 12:15:52.958291-04
14	auth	0009_alter_user_last_name_max_length	2026-05-25 12:15:52.962115-04
15	auth	0010_alter_group_name_max_length	2026-05-25 12:15:52.966462-04
16	auth	0011_update_proxy_permissions	2026-05-25 12:15:52.970156-04
17	auth	0012_alter_user_first_name_max_length	2026-05-25 12:15:52.974376-04
18	item_list	0001_initial	2026-05-25 12:15:52.977108-04
19	item_list	0002_category_subtype_type_alter_item_name_and_more	2026-05-25 12:15:52.997818-04
20	item_list	0003_item_es_fabricable	2026-05-25 12:15:53.002859-04
21	recipe_list	0001_initial	2026-05-25 12:15:53.011238-04
22	recipe_list	0002_alter_recipe_recipe_name	2026-05-25 12:15:53.015604-04
23	sessions	0001_initial	2026-05-25 12:15:53.019155-04
\.


--
-- Data for Name: django_session; Type: TABLE DATA; Schema: public; Owner: postgres
--

COPY public.django_session (session_key, session_data, expire_date) FROM stdin;
d8u5uj5oe1k8u6h9kdj3gaj82qg3cnmm	eyJ1bHRpbWFfcmVjZXRhIjoiUG9jaVx1MDBmM24gZGUgQW1pc3RhZCJ9:1wSo4x:oftvZKUBuKSlRL5Sbx_2H8RhCy4P0s1M8aizNPgpSoo	2026-06-11 23:40:11.140816-04
\.


--
-- Data for Name: item_list_category; Type: TABLE DATA; Schema: public; Owner: postgres
--

COPY public.item_list_category (id, name) FROM stdin;
1	Ítem base
2	Frasco
3	Elixir
4	Aceites
5	Pocion
\.


--
-- Data for Name: item_list_item; Type: TABLE DATA; Schema: public; Owner: postgres
--

COPY public.item_list_item (id, name, category_id, type_id, subtype_id, es_fabricable) FROM stdin;
1	Savia De Fresno	1	1	1	f
2	Agua Purificada	1	2	\N	f
3	Rastros De La Naturaleza	1	1	\N	f
5	Reactivo De Polvo Puro	1	3	2	t
6	Reactivo De Liquido Claro	1	3	2	t
7	Sal	1	2	3	f
8	Hierba Luz Del Atardecer	1	1	4	f
9	Planta Silvestre	1	1	4	f
10	Azucar	1	2	3	f
11	Azalea Plateada	1	1	4	f
12	Grupo Frasco De Armonia Edania	2	3	2	t
13	Elixir De Voluntad	3	3	\N	t
14	Elixir De Edania	3	3	\N	t
15	Fasco De Armonia	2	3	\N	t
16	Catalizador Magico	1	2	\N	f
17	Sangre De Lobo	1	1	5	f
18	Sangre Del Pecador	1	3	6	t
19	Corteza Del Arbol Viejo	1	1	1	f
20	Savia Del Arbol De Caphras	1	1	1	f
21	Polvo De Fuego	1	1	7	f
22	Nudo De Arbol Ensangrentado	1	1	1	f
23	Sangre De Cerdo	1	1	8	f
24	Frasco De Rabia	2	3	9	t
25	Frasco De Poder Potencial	2	3	9	t
26	Frasco De Adaptacion	2	3	9	t
27	Frasco De Corrupcion	2	3	9	t
28	Frasco De Violencia	2	3	9	t
29	Elixir De Delirio	3	3	10	t
30	Elixir De Furia	3	3	10	t
31	Elixir De Concentracion	3	3	10	t
32	Elixir De La Destruccion	3	3	10	t
33	Aceite De Regeneracion	4	3	11	t
34	Hongo Fantasma	1	1	\N	f
35	Savia De Cedro	1	1	1	f
36	Sangre De La Bestia Divina	1	3	6	t
37	Bulto De Arbol Rojo	1	1	1	f
38	Polvo De La Grieta	1	1	\N	f
4	Fruta De La Naturaleza	1	1	4	f
39	Sangre De Lagartija	1	1	12	f
40	Hoja Del Espiritu	1	1	1	f
41	Hongo Enano	1	1	\N	f
42	Sangre De Oso	1	1	13	f
43	Hongo Nube	1	1	\N	f
44	Aceite De Tormentas	4	3	11	t
45	Savia De Cedro Del Campo Nevado	1	1	1	f
46	Sangre Del Tirano	1	3	6	t
47	Polvo De Tiempo	1	1	\N	f
48	Rama Del Monje	1	1	1	f
49	Elixir De Viento	3	3	10	t
50	Elixir De Hechizos	3	3	10	t
51	Elixir De Velocidad	3	3	10	t
52	Elixir De Impacto	3	3	10	t
53	Sangre Del Hombre Sabio	1	3	6	t
54	Polvo De La Oscuridad	1	1	\N	t
55	Hongo Adivino	1	1	4	f
56	Savia De Pino	1	1	1	f
57	Sangre De Zorro	1	1	14	f
58	Flor Escamas De Fuego	1	1	4	f
59	Savia Del Arbol De Arce	1	1	1	f
60	Hongo Flecha	1	1	\N	f
61	Savia De Abedul	1	1	1	f
62	Hongo Tigre	1	1	4	f
63	Sangre Del Payaso	1	3	6	t
64	Elixir De Vida	3	3	\N	t
65	Elixir De Energia	3	1	\N	t
66	Elixir De Defensa	3	3	\N	t
67	Elixir De Espiral	3	3	\N	t
68	Pocion De Vida P	5	2	\N	f
69	Savia De Tuya Oriental	1	1	1	f
70	Elixir De Robo	3	3	10	t
71	Elixir De Muerte	3	3	10	t
72	Elixir De Penetracion	3	3	10	t
73	Elixir De La Parca	3	3	10	t
74	Aceite Indomable	4	3	\N	t
75	Hongo Hinchazon	1	1	\N	f
76	Hongo Ancestral	1	1	\N	f
77	Aceite De Tranquilidad	4	3	11	t
78	Aceite De Corrupcion	4	3	11	t
79	Hongo Fanfarron	1	1	\N	f
80	Hongo Cielo	1	1	\N	f
81	Elixir De Asesino	3	3	10	t
82	Elixir De Masacrador	3	3	10	t
83	Elixir De Deteccion	3	3	10	t
84	Elixir De Cielo	3	3	10	t
85	Hongo Payaso	1	1	\N	f
86	Hongo Trufa	1	1	\N	f
87	Hongo Emperador	1	1	\N	f
88	Arroz	1	1	\N	f
89	Arroz Cocido	1	3	3	t
90	Agua Natural	1	2	3	f
91	Agua Pura Para Cocinar	1	2	3	f
92	Levadura	1	2	3	f
93	Aceite Para Cocinar	1	2	3	f
94	Sal De Mar	1	2	\N	f
95	Azucar Morena	1	2	\N	f
96	Aceite De Oliva	1	2	3	f
97	Aceite De Freir	1	2	3	f
98	Salsa Base	1	2	3	f
99	Especial Ancestral De Cron	1	2	3	f
100	Ron	1	2	3	f
101	Cerveza Negra	1	3	3	f
102	Pocion De Amistad	5	3	\N	t
103	Polvo De Piedra Negra	1	3	\N	t
\.


--
-- Data for Name: item_list_subtype; Type: TABLE DATA; Schema: public; Owner: postgres
--

COPY public.item_list_subtype (id, name) FROM stdin;
1	árboles
2	Alquimia
3	Cocina
4	Plantas
5	Grupo de Sangre 1
6	Sangres de alquimia
7	Mineria
8	Grupo de Sangre 2
9	Item base y Frasco
10	Item base y Elixir
11	Item base y aceite
12	Grupo de Sangre 5
13	Grupo de Sangre 4
14	Grupo de sangre 3
\.


--
-- Data for Name: item_list_type; Type: TABLE DATA; Schema: public; Owner: postgres
--

COPY public.item_list_type (id, name) FROM stdin;
1	Recolectable
2	Npc
3	Crafteable
\.


--
-- Data for Name: recipe_list_ingredient; Type: TABLE DATA; Schema: public; Owner: postgres
--

COPY public.recipe_list_ingredient (id, quantity, item_id, recipe_id) FROM stdin;
5	1	10	2
6	1	2	2
7	1	11	2
8	1	9	2
9	1	7	1
10	1	2	1
11	1	8	1
12	1	9	1
13	3	13	3
14	3	14	3
15	1	15	3
16	1	16	3
17	1	5	4
18	4	8	4
19	6	17	4
20	3	2	4
21	2	18	5
22	5	19	5
23	4	3	5
24	5	6	5
25	6	20	5
26	1	6	6
27	1	21	6
28	2	23	6
29	1	22	6
30	30	29	7
31	30	30	7
32	30	31	7
33	30	32	7
34	10	16	7
35	1	33	8
36	2	34	8
37	5	6	8
38	3	3	8
39	5	35	8
41	1	36	9
42	1	38	9
43	1	4	9
44	1	37	9
45	1	5	10
46	1	3	10
47	1	40	10
48	2	39	10
49	30	29	11
50	30	30	11
51	30	31	11
52	30	32	11
53	10	16	11
54	1	1	12
55	4	42	12
56	4	41	12
57	3	2	12
58	1	6	13
59	3	42	13
60	3	43	13
61	2	9	13
62	1	5	14
63	1	3	14
64	2	42	14
65	1	48	14
66	1	46	15
67	1	47	15
68	1	4	15
69	1	19	15
70	1	44	16
71	5	6	16
72	3	3	16
73	7	45	16
74	5	21	16
75	1	6	21
76	1	54	21
77	2	17	21
78	1	40	21
79	1	63	22
80	3	47	22
81	5	62	22
82	7	35	22
83	30	49	23
84	30	50	23
85	30	51	23
86	30	52	23
87	10	16	23
88	1	5	24
89	3	11	24
90	3	68	24
91	5	57	24
96	1	6	26
97	6	1	26
98	5	23	26
99	3	2	26
100	1	5	25
101	4	42	25
102	5	61	25
103	2	41	25
104	6	69	27
105	2	63	27
106	3	48	27
107	2	21	27
108	3	2	27
109	30	64	28
110	30	66	28
111	30	67	28
112	30	65	28
113	10	16	28
114	30	70	29
115	30	71	29
116	30	72	29
117	30	73	29
118	10	16	29
119	1	74	30
120	3	75	30
121	4	61	30
122	4	6	30
123	2	3	30
124	1	77	31
125	2	76	31
126	7	1	31
127	6	6	31
128	2	3	31
129	1	78	32
130	5	79	32
131	5	56	32
132	4	6	32
133	2	3	32
134	1	74	33
135	2	80	33
136	2	48	33
137	4	5	33
138	4	3	33
139	1	77	34
140	1	87	34
141	2	22	34
142	6	5	34
143	4	3	34
144	1	33	35
145	4	85	35
146	2	37	35
147	5	5	35
148	2	3	35
149	1	78	36
150	2	62	36
151	2	40	36
152	7	5	36
153	3	3	36
154	1	44	37
155	3	86	37
156	2	19	37
157	6	5	37
158	3	3	37
159	30	81	38
160	30	82	38
161	30	83	38
162	30	84	38
163	5	88	39
164	2	90	39
169	5	58	40
170	1	36	40
171	3	103	40
172	6	1	40
\.


--
-- Data for Name: recipe_list_recipe; Type: TABLE DATA; Schema: public; Owner: postgres
--

COPY public.recipe_list_recipe (id, recipe_name, produced_item_id) FROM stdin;
2	Reactivo de Polvo Puro	5
1	Reactivo de Liquido Claro	6
3	[Grupo] Frasco Armonía - Edanía	12
4	Elixir de Voluntad	13
5	Elixir de Edania	14
6	Sangre del Pecador	18
7	Frasco de Armonía	15
8	Elixir de Delirio	29
9	Aceite de Regeneración	33
10	Sangre de la Bestia Divina	36
11	Frasco de Rabia	24
12	Elixir de Furia	30
13	Elixir de Concentración	31
14	Sangre del Tirano	46
15	Aceite de Tormentas	44
16	Elixir de la Destrucción	32
17	Sangre del Hombre Sabio	53
18	Elixir de viento	49
19	Elixir de Hechizos	50
20	Elixir de Velocidad	51
21	Sangre del Payaso	63
22	Elixir de Impacto	52
23	Frasco de Poder Potencial	25
24	Elixir de vida	64
26	Elixir de Defensa	66
25	Elixir de Energía	65
27	Elixir de Espiral	67
28	Frasco de Adaptación	26
29	Frasco de Corrupción	27
30	Elixir de Robo	70
31	Elixir de Muerte	71
32	Elixir de Penetración	72
33	Elixir de la Parca	73
34	Elixir de Cielo	84
35	Elixir de Asesino	81
36	Elixir de Masacrador	82
37	Elixir de Detección	83
38	Frasco de Violencia	28
39	Arroz Cocido	89
40	Poción de Amistad	102
\.


--
-- Name: auth_group_id_seq; Type: SEQUENCE SET; Schema: public; Owner: postgres
--

SELECT pg_catalog.setval('public.auth_group_id_seq', 1, false);


--
-- Name: auth_group_permissions_id_seq; Type: SEQUENCE SET; Schema: public; Owner: postgres
--

SELECT pg_catalog.setval('public.auth_group_permissions_id_seq', 1, false);


--
-- Name: auth_permission_id_seq; Type: SEQUENCE SET; Schema: public; Owner: postgres
--

SELECT pg_catalog.setval('public.auth_permission_id_seq', 48, true);


--
-- Name: auth_user_groups_id_seq; Type: SEQUENCE SET; Schema: public; Owner: postgres
--

SELECT pg_catalog.setval('public.auth_user_groups_id_seq', 1, false);


--
-- Name: auth_user_id_seq; Type: SEQUENCE SET; Schema: public; Owner: postgres
--

SELECT pg_catalog.setval('public.auth_user_id_seq', 1, false);


--
-- Name: auth_user_user_permissions_id_seq; Type: SEQUENCE SET; Schema: public; Owner: postgres
--

SELECT pg_catalog.setval('public.auth_user_user_permissions_id_seq', 1, false);


--
-- Name: django_admin_log_id_seq; Type: SEQUENCE SET; Schema: public; Owner: postgres
--

SELECT pg_catalog.setval('public.django_admin_log_id_seq', 1, false);


--
-- Name: django_content_type_id_seq; Type: SEQUENCE SET; Schema: public; Owner: postgres
--

SELECT pg_catalog.setval('public.django_content_type_id_seq', 12, true);


--
-- Name: django_migrations_id_seq; Type: SEQUENCE SET; Schema: public; Owner: postgres
--

SELECT pg_catalog.setval('public.django_migrations_id_seq', 23, true);


--
-- Name: item_list_category_id_seq; Type: SEQUENCE SET; Schema: public; Owner: postgres
--

SELECT pg_catalog.setval('public.item_list_category_id_seq', 5, true);


--
-- Name: item_list_item_id_seq; Type: SEQUENCE SET; Schema: public; Owner: postgres
--

SELECT pg_catalog.setval('public.item_list_item_id_seq', 103, true);


--
-- Name: item_list_subtype_id_seq; Type: SEQUENCE SET; Schema: public; Owner: postgres
--

SELECT pg_catalog.setval('public.item_list_subtype_id_seq', 14, true);


--
-- Name: item_list_type_id_seq; Type: SEQUENCE SET; Schema: public; Owner: postgres
--

SELECT pg_catalog.setval('public.item_list_type_id_seq', 3, true);


--
-- Name: recipe_list_ingredient_id_seq; Type: SEQUENCE SET; Schema: public; Owner: postgres
--

SELECT pg_catalog.setval('public.recipe_list_ingredient_id_seq', 172, true);


--
-- Name: recipe_list_recipe_id_seq; Type: SEQUENCE SET; Schema: public; Owner: postgres
--

SELECT pg_catalog.setval('public.recipe_list_recipe_id_seq', 40, true);


--
-- Name: auth_group auth_group_name_key; Type: CONSTRAINT; Schema: public; Owner: postgres
--

ALTER TABLE ONLY public.auth_group
    ADD CONSTRAINT auth_group_name_key UNIQUE (name);


--
-- Name: auth_group_permissions auth_group_permissions_group_id_permission_id_0cd325b0_uniq; Type: CONSTRAINT; Schema: public; Owner: postgres
--

ALTER TABLE ONLY public.auth_group_permissions
    ADD CONSTRAINT auth_group_permissions_group_id_permission_id_0cd325b0_uniq UNIQUE (group_id, permission_id);


--
-- Name: auth_group_permissions auth_group_permissions_pkey; Type: CONSTRAINT; Schema: public; Owner: postgres
--

ALTER TABLE ONLY public.auth_group_permissions
    ADD CONSTRAINT auth_group_permissions_pkey PRIMARY KEY (id);


--
-- Name: auth_group auth_group_pkey; Type: CONSTRAINT; Schema: public; Owner: postgres
--

ALTER TABLE ONLY public.auth_group
    ADD CONSTRAINT auth_group_pkey PRIMARY KEY (id);


--
-- Name: auth_permission auth_permission_content_type_id_codename_01ab375a_uniq; Type: CONSTRAINT; Schema: public; Owner: postgres
--

ALTER TABLE ONLY public.auth_permission
    ADD CONSTRAINT auth_permission_content_type_id_codename_01ab375a_uniq UNIQUE (content_type_id, codename);


--
-- Name: auth_permission auth_permission_pkey; Type: CONSTRAINT; Schema: public; Owner: postgres
--

ALTER TABLE ONLY public.auth_permission
    ADD CONSTRAINT auth_permission_pkey PRIMARY KEY (id);


--
-- Name: auth_user_groups auth_user_groups_pkey; Type: CONSTRAINT; Schema: public; Owner: postgres
--

ALTER TABLE ONLY public.auth_user_groups
    ADD CONSTRAINT auth_user_groups_pkey PRIMARY KEY (id);


--
-- Name: auth_user_groups auth_user_groups_user_id_group_id_94350c0c_uniq; Type: CONSTRAINT; Schema: public; Owner: postgres
--

ALTER TABLE ONLY public.auth_user_groups
    ADD CONSTRAINT auth_user_groups_user_id_group_id_94350c0c_uniq UNIQUE (user_id, group_id);


--
-- Name: auth_user auth_user_pkey; Type: CONSTRAINT; Schema: public; Owner: postgres
--

ALTER TABLE ONLY public.auth_user
    ADD CONSTRAINT auth_user_pkey PRIMARY KEY (id);


--
-- Name: auth_user_user_permissions auth_user_user_permissions_pkey; Type: CONSTRAINT; Schema: public; Owner: postgres
--

ALTER TABLE ONLY public.auth_user_user_permissions
    ADD CONSTRAINT auth_user_user_permissions_pkey PRIMARY KEY (id);


--
-- Name: auth_user_user_permissions auth_user_user_permissions_user_id_permission_id_14a6b632_uniq; Type: CONSTRAINT; Schema: public; Owner: postgres
--

ALTER TABLE ONLY public.auth_user_user_permissions
    ADD CONSTRAINT auth_user_user_permissions_user_id_permission_id_14a6b632_uniq UNIQUE (user_id, permission_id);


--
-- Name: auth_user auth_user_username_key; Type: CONSTRAINT; Schema: public; Owner: postgres
--

ALTER TABLE ONLY public.auth_user
    ADD CONSTRAINT auth_user_username_key UNIQUE (username);


--
-- Name: django_admin_log django_admin_log_pkey; Type: CONSTRAINT; Schema: public; Owner: postgres
--

ALTER TABLE ONLY public.django_admin_log
    ADD CONSTRAINT django_admin_log_pkey PRIMARY KEY (id);


--
-- Name: django_content_type django_content_type_app_label_model_76bd3d3b_uniq; Type: CONSTRAINT; Schema: public; Owner: postgres
--

ALTER TABLE ONLY public.django_content_type
    ADD CONSTRAINT django_content_type_app_label_model_76bd3d3b_uniq UNIQUE (app_label, model);


--
-- Name: django_content_type django_content_type_pkey; Type: CONSTRAINT; Schema: public; Owner: postgres
--

ALTER TABLE ONLY public.django_content_type
    ADD CONSTRAINT django_content_type_pkey PRIMARY KEY (id);


--
-- Name: django_migrations django_migrations_pkey; Type: CONSTRAINT; Schema: public; Owner: postgres
--

ALTER TABLE ONLY public.django_migrations
    ADD CONSTRAINT django_migrations_pkey PRIMARY KEY (id);


--
-- Name: django_session django_session_pkey; Type: CONSTRAINT; Schema: public; Owner: postgres
--

ALTER TABLE ONLY public.django_session
    ADD CONSTRAINT django_session_pkey PRIMARY KEY (session_key);


--
-- Name: item_list_category item_list_category_name_key; Type: CONSTRAINT; Schema: public; Owner: postgres
--

ALTER TABLE ONLY public.item_list_category
    ADD CONSTRAINT item_list_category_name_key UNIQUE (name);


--
-- Name: item_list_category item_list_category_pkey; Type: CONSTRAINT; Schema: public; Owner: postgres
--

ALTER TABLE ONLY public.item_list_category
    ADD CONSTRAINT item_list_category_pkey PRIMARY KEY (id);


--
-- Name: item_list_item item_list_item_name_52c7d791_uniq; Type: CONSTRAINT; Schema: public; Owner: postgres
--

ALTER TABLE ONLY public.item_list_item
    ADD CONSTRAINT item_list_item_name_52c7d791_uniq UNIQUE (name);


--
-- Name: item_list_item item_list_item_pkey; Type: CONSTRAINT; Schema: public; Owner: postgres
--

ALTER TABLE ONLY public.item_list_item
    ADD CONSTRAINT item_list_item_pkey PRIMARY KEY (id);


--
-- Name: item_list_subtype item_list_subtype_name_key; Type: CONSTRAINT; Schema: public; Owner: postgres
--

ALTER TABLE ONLY public.item_list_subtype
    ADD CONSTRAINT item_list_subtype_name_key UNIQUE (name);


--
-- Name: item_list_subtype item_list_subtype_pkey; Type: CONSTRAINT; Schema: public; Owner: postgres
--

ALTER TABLE ONLY public.item_list_subtype
    ADD CONSTRAINT item_list_subtype_pkey PRIMARY KEY (id);


--
-- Name: item_list_type item_list_type_name_key; Type: CONSTRAINT; Schema: public; Owner: postgres
--

ALTER TABLE ONLY public.item_list_type
    ADD CONSTRAINT item_list_type_name_key UNIQUE (name);


--
-- Name: item_list_type item_list_type_pkey; Type: CONSTRAINT; Schema: public; Owner: postgres
--

ALTER TABLE ONLY public.item_list_type
    ADD CONSTRAINT item_list_type_pkey PRIMARY KEY (id);


--
-- Name: recipe_list_ingredient recipe_list_ingredient_pkey; Type: CONSTRAINT; Schema: public; Owner: postgres
--

ALTER TABLE ONLY public.recipe_list_ingredient
    ADD CONSTRAINT recipe_list_ingredient_pkey PRIMARY KEY (id);


--
-- Name: recipe_list_ingredient recipe_list_ingredient_recipe_id_item_id_3787500a_uniq; Type: CONSTRAINT; Schema: public; Owner: postgres
--

ALTER TABLE ONLY public.recipe_list_ingredient
    ADD CONSTRAINT recipe_list_ingredient_recipe_id_item_id_3787500a_uniq UNIQUE (recipe_id, item_id);


--
-- Name: recipe_list_recipe recipe_list_recipe_pkey; Type: CONSTRAINT; Schema: public; Owner: postgres
--

ALTER TABLE ONLY public.recipe_list_recipe
    ADD CONSTRAINT recipe_list_recipe_pkey PRIMARY KEY (id);


--
-- Name: recipe_list_recipe recipe_list_recipe_produced_item_id_key; Type: CONSTRAINT; Schema: public; Owner: postgres
--

ALTER TABLE ONLY public.recipe_list_recipe
    ADD CONSTRAINT recipe_list_recipe_produced_item_id_key UNIQUE (produced_item_id);


--
-- Name: recipe_list_recipe recipe_list_recipe_recipe_name_b878fc4b_uniq; Type: CONSTRAINT; Schema: public; Owner: postgres
--

ALTER TABLE ONLY public.recipe_list_recipe
    ADD CONSTRAINT recipe_list_recipe_recipe_name_b878fc4b_uniq UNIQUE (recipe_name);


--
-- Name: auth_group_name_a6ea08ec_like; Type: INDEX; Schema: public; Owner: postgres
--

CREATE INDEX auth_group_name_a6ea08ec_like ON public.auth_group USING btree (name varchar_pattern_ops);


--
-- Name: auth_group_permissions_group_id_b120cbf9; Type: INDEX; Schema: public; Owner: postgres
--

CREATE INDEX auth_group_permissions_group_id_b120cbf9 ON public.auth_group_permissions USING btree (group_id);


--
-- Name: auth_group_permissions_permission_id_84c5c92e; Type: INDEX; Schema: public; Owner: postgres
--

CREATE INDEX auth_group_permissions_permission_id_84c5c92e ON public.auth_group_permissions USING btree (permission_id);


--
-- Name: auth_permission_content_type_id_2f476e4b; Type: INDEX; Schema: public; Owner: postgres
--

CREATE INDEX auth_permission_content_type_id_2f476e4b ON public.auth_permission USING btree (content_type_id);


--
-- Name: auth_user_groups_group_id_97559544; Type: INDEX; Schema: public; Owner: postgres
--

CREATE INDEX auth_user_groups_group_id_97559544 ON public.auth_user_groups USING btree (group_id);


--
-- Name: auth_user_groups_user_id_6a12ed8b; Type: INDEX; Schema: public; Owner: postgres
--

CREATE INDEX auth_user_groups_user_id_6a12ed8b ON public.auth_user_groups USING btree (user_id);


--
-- Name: auth_user_user_permissions_permission_id_1fbb5f2c; Type: INDEX; Schema: public; Owner: postgres
--

CREATE INDEX auth_user_user_permissions_permission_id_1fbb5f2c ON public.auth_user_user_permissions USING btree (permission_id);


--
-- Name: auth_user_user_permissions_user_id_a95ead1b; Type: INDEX; Schema: public; Owner: postgres
--

CREATE INDEX auth_user_user_permissions_user_id_a95ead1b ON public.auth_user_user_permissions USING btree (user_id);


--
-- Name: auth_user_username_6821ab7c_like; Type: INDEX; Schema: public; Owner: postgres
--

CREATE INDEX auth_user_username_6821ab7c_like ON public.auth_user USING btree (username varchar_pattern_ops);


--
-- Name: django_admin_log_content_type_id_c4bce8eb; Type: INDEX; Schema: public; Owner: postgres
--

CREATE INDEX django_admin_log_content_type_id_c4bce8eb ON public.django_admin_log USING btree (content_type_id);


--
-- Name: django_admin_log_user_id_c564eba6; Type: INDEX; Schema: public; Owner: postgres
--

CREATE INDEX django_admin_log_user_id_c564eba6 ON public.django_admin_log USING btree (user_id);


--
-- Name: django_session_expire_date_a5c62663; Type: INDEX; Schema: public; Owner: postgres
--

CREATE INDEX django_session_expire_date_a5c62663 ON public.django_session USING btree (expire_date);


--
-- Name: django_session_session_key_c0390e0f_like; Type: INDEX; Schema: public; Owner: postgres
--

CREATE INDEX django_session_session_key_c0390e0f_like ON public.django_session USING btree (session_key varchar_pattern_ops);


--
-- Name: item_list_category_name_ee01098d_like; Type: INDEX; Schema: public; Owner: postgres
--

CREATE INDEX item_list_category_name_ee01098d_like ON public.item_list_category USING btree (name varchar_pattern_ops);


--
-- Name: item_list_item_category_id_d200a59e; Type: INDEX; Schema: public; Owner: postgres
--

CREATE INDEX item_list_item_category_id_d200a59e ON public.item_list_item USING btree (category_id);


--
-- Name: item_list_item_name_52c7d791_like; Type: INDEX; Schema: public; Owner: postgres
--

CREATE INDEX item_list_item_name_52c7d791_like ON public.item_list_item USING btree (name varchar_pattern_ops);


--
-- Name: item_list_item_subtype_id_c4add2df; Type: INDEX; Schema: public; Owner: postgres
--

CREATE INDEX item_list_item_subtype_id_c4add2df ON public.item_list_item USING btree (subtype_id);


--
-- Name: item_list_item_type_id_0ba385c6; Type: INDEX; Schema: public; Owner: postgres
--

CREATE INDEX item_list_item_type_id_0ba385c6 ON public.item_list_item USING btree (type_id);


--
-- Name: item_list_subtype_name_b1fce634_like; Type: INDEX; Schema: public; Owner: postgres
--

CREATE INDEX item_list_subtype_name_b1fce634_like ON public.item_list_subtype USING btree (name varchar_pattern_ops);


--
-- Name: item_list_type_name_5a781470_like; Type: INDEX; Schema: public; Owner: postgres
--

CREATE INDEX item_list_type_name_5a781470_like ON public.item_list_type USING btree (name varchar_pattern_ops);


--
-- Name: recipe_list_ingredient_item_id_7ad7d529; Type: INDEX; Schema: public; Owner: postgres
--

CREATE INDEX recipe_list_ingredient_item_id_7ad7d529 ON public.recipe_list_ingredient USING btree (item_id);


--
-- Name: recipe_list_ingredient_recipe_id_a062a52b; Type: INDEX; Schema: public; Owner: postgres
--

CREATE INDEX recipe_list_ingredient_recipe_id_a062a52b ON public.recipe_list_ingredient USING btree (recipe_id);


--
-- Name: recipe_list_recipe_recipe_name_b878fc4b_like; Type: INDEX; Schema: public; Owner: postgres
--

CREATE INDEX recipe_list_recipe_recipe_name_b878fc4b_like ON public.recipe_list_recipe USING btree (recipe_name varchar_pattern_ops);


--
-- Name: auth_group_permissions auth_group_permissio_permission_id_84c5c92e_fk_auth_perm; Type: FK CONSTRAINT; Schema: public; Owner: postgres
--

ALTER TABLE ONLY public.auth_group_permissions
    ADD CONSTRAINT auth_group_permissio_permission_id_84c5c92e_fk_auth_perm FOREIGN KEY (permission_id) REFERENCES public.auth_permission(id) DEFERRABLE INITIALLY DEFERRED;


--
-- Name: auth_group_permissions auth_group_permissions_group_id_b120cbf9_fk_auth_group_id; Type: FK CONSTRAINT; Schema: public; Owner: postgres
--

ALTER TABLE ONLY public.auth_group_permissions
    ADD CONSTRAINT auth_group_permissions_group_id_b120cbf9_fk_auth_group_id FOREIGN KEY (group_id) REFERENCES public.auth_group(id) DEFERRABLE INITIALLY DEFERRED;


--
-- Name: auth_permission auth_permission_content_type_id_2f476e4b_fk_django_co; Type: FK CONSTRAINT; Schema: public; Owner: postgres
--

ALTER TABLE ONLY public.auth_permission
    ADD CONSTRAINT auth_permission_content_type_id_2f476e4b_fk_django_co FOREIGN KEY (content_type_id) REFERENCES public.django_content_type(id) DEFERRABLE INITIALLY DEFERRED;


--
-- Name: auth_user_groups auth_user_groups_group_id_97559544_fk_auth_group_id; Type: FK CONSTRAINT; Schema: public; Owner: postgres
--

ALTER TABLE ONLY public.auth_user_groups
    ADD CONSTRAINT auth_user_groups_group_id_97559544_fk_auth_group_id FOREIGN KEY (group_id) REFERENCES public.auth_group(id) DEFERRABLE INITIALLY DEFERRED;


--
-- Name: auth_user_groups auth_user_groups_user_id_6a12ed8b_fk_auth_user_id; Type: FK CONSTRAINT; Schema: public; Owner: postgres
--

ALTER TABLE ONLY public.auth_user_groups
    ADD CONSTRAINT auth_user_groups_user_id_6a12ed8b_fk_auth_user_id FOREIGN KEY (user_id) REFERENCES public.auth_user(id) DEFERRABLE INITIALLY DEFERRED;


--
-- Name: auth_user_user_permissions auth_user_user_permi_permission_id_1fbb5f2c_fk_auth_perm; Type: FK CONSTRAINT; Schema: public; Owner: postgres
--

ALTER TABLE ONLY public.auth_user_user_permissions
    ADD CONSTRAINT auth_user_user_permi_permission_id_1fbb5f2c_fk_auth_perm FOREIGN KEY (permission_id) REFERENCES public.auth_permission(id) DEFERRABLE INITIALLY DEFERRED;


--
-- Name: auth_user_user_permissions auth_user_user_permissions_user_id_a95ead1b_fk_auth_user_id; Type: FK CONSTRAINT; Schema: public; Owner: postgres
--

ALTER TABLE ONLY public.auth_user_user_permissions
    ADD CONSTRAINT auth_user_user_permissions_user_id_a95ead1b_fk_auth_user_id FOREIGN KEY (user_id) REFERENCES public.auth_user(id) DEFERRABLE INITIALLY DEFERRED;


--
-- Name: django_admin_log django_admin_log_content_type_id_c4bce8eb_fk_django_co; Type: FK CONSTRAINT; Schema: public; Owner: postgres
--

ALTER TABLE ONLY public.django_admin_log
    ADD CONSTRAINT django_admin_log_content_type_id_c4bce8eb_fk_django_co FOREIGN KEY (content_type_id) REFERENCES public.django_content_type(id) DEFERRABLE INITIALLY DEFERRED;


--
-- Name: django_admin_log django_admin_log_user_id_c564eba6_fk_auth_user_id; Type: FK CONSTRAINT; Schema: public; Owner: postgres
--

ALTER TABLE ONLY public.django_admin_log
    ADD CONSTRAINT django_admin_log_user_id_c564eba6_fk_auth_user_id FOREIGN KEY (user_id) REFERENCES public.auth_user(id) DEFERRABLE INITIALLY DEFERRED;


--
-- Name: item_list_item item_list_item_category_id_d200a59e_fk_item_list_category_id; Type: FK CONSTRAINT; Schema: public; Owner: postgres
--

ALTER TABLE ONLY public.item_list_item
    ADD CONSTRAINT item_list_item_category_id_d200a59e_fk_item_list_category_id FOREIGN KEY (category_id) REFERENCES public.item_list_category(id) DEFERRABLE INITIALLY DEFERRED;


--
-- Name: item_list_item item_list_item_subtype_id_c4add2df_fk_item_list_subtype_id; Type: FK CONSTRAINT; Schema: public; Owner: postgres
--

ALTER TABLE ONLY public.item_list_item
    ADD CONSTRAINT item_list_item_subtype_id_c4add2df_fk_item_list_subtype_id FOREIGN KEY (subtype_id) REFERENCES public.item_list_subtype(id) DEFERRABLE INITIALLY DEFERRED;


--
-- Name: item_list_item item_list_item_type_id_0ba385c6_fk_item_list_type_id; Type: FK CONSTRAINT; Schema: public; Owner: postgres
--

ALTER TABLE ONLY public.item_list_item
    ADD CONSTRAINT item_list_item_type_id_0ba385c6_fk_item_list_type_id FOREIGN KEY (type_id) REFERENCES public.item_list_type(id) DEFERRABLE INITIALLY DEFERRED;


--
-- Name: recipe_list_ingredient recipe_list_ingredie_recipe_id_a062a52b_fk_recipe_li; Type: FK CONSTRAINT; Schema: public; Owner: postgres
--

ALTER TABLE ONLY public.recipe_list_ingredient
    ADD CONSTRAINT recipe_list_ingredie_recipe_id_a062a52b_fk_recipe_li FOREIGN KEY (recipe_id) REFERENCES public.recipe_list_recipe(id) DEFERRABLE INITIALLY DEFERRED;


--
-- Name: recipe_list_ingredient recipe_list_ingredient_item_id_7ad7d529_fk_item_list_item_id; Type: FK CONSTRAINT; Schema: public; Owner: postgres
--

ALTER TABLE ONLY public.recipe_list_ingredient
    ADD CONSTRAINT recipe_list_ingredient_item_id_7ad7d529_fk_item_list_item_id FOREIGN KEY (item_id) REFERENCES public.item_list_item(id) DEFERRABLE INITIALLY DEFERRED;


--
-- Name: recipe_list_recipe recipe_list_recipe_produced_item_id_4a64208e_fk_item_list; Type: FK CONSTRAINT; Schema: public; Owner: postgres
--

ALTER TABLE ONLY public.recipe_list_recipe
    ADD CONSTRAINT recipe_list_recipe_produced_item_id_4a64208e_fk_item_list FOREIGN KEY (produced_item_id) REFERENCES public.item_list_item(id) DEFERRABLE INITIALLY DEFERRED;


--
-- PostgreSQL database dump complete
--

\unrestrict OxRgu4PUFzGoEIorxXJhCfG88qm0KQR20G2QpAUJ02BK7VeJRfjgJmUV9k0wGBN

